{"cameraMode":{"drawMode":0,"name":"Shaded","section":"Shading Mode"},"sceneLighting":true,"audioPlay":false,"sceneViewState":{"m_AlwaysRefresh":false,"showFog":true,"showSkybox":true,"showFlares":true,"showImageEffects":true,"showParticleSystems":true,"showVisualEffectGraphs":true,"m_FxEnabled":true},"in2DMode":false,"pivot":{"x":0.6969692707061768,"y":0.6097314357757568,"z":-0.3826753795146942},"rotation":{"x":0.012002733536064625,"y":0.9514415264129639,"z":-0.305298388004303,"w":0.037407614290714267},"size":12.824285507202149,"orthographic":true}