{"cameraMode":{"drawMode":0,"name":"Shaded","section":"Shading Mode"},"sceneLighting":true,"audioPlay":false,"sceneViewState":{"m_AlwaysRefresh":false,"showFog":true,"showSkybox":true,"showFlares":true,"showImageEffects":true,"showParticleSystems":true,"showVisualEffectGraphs":true,"m_FxEnabled":true},"in2DMode":false,"pivot":{"x":2.4596095085144045,"y":6.872115135192871,"z":3.9935760498046877},"rotation":{"x":0.34967705607414248,"y":-0.17419511079788209,"z":0.06634305417537689,"w":0.9181262850761414},"size":7.278841018676758,"orthographic":true}