{"cameraMode":{"drawMode":0,"name":"Shaded","section":"Shading Mode"},"sceneLighting":true,"audioPlay":false,"sceneViewState":{"m_AlwaysRefresh":false,"showFog":true,"showSkybox":true,"showFlares":true,"showImageEffects":true,"showParticleSystems":true,"showVisualEffectGraphs":true,"m_FxEnabled":true},"in2DMode":false,"pivot":{"x":0.6753738522529602,"y":2.607494831085205,"z":-0.7920922040939331},"rotation":{"x":0.29970836639404299,"y":0.43340566754341128,"z":-0.15545320510864259,"w":0.835548460483551},"size":13.916326522827149,"orthographic":true}