{"cameraMode":{"drawMode":0,"name":"Shaded","section":"Shading Mode"},"sceneLighting":true,"audioPlay":false,"sceneViewState":{"m_AlwaysRefresh":false,"showFog":true,"showSkybox":true,"showFlares":true,"showImageEffects":true,"showParticleSystems":true,"showVisualEffectGraphs":true,"m_FxEnabled":true},"in2DMode":false,"pivot":{"x":-3.635993003845215,"y":11.842267036437989,"z":5.789798259735107},"rotation":{"x":0.4785650372505188,"y":-0.33595162630081179,"z":0.20481975376605988,"w":0.7849559187889099},"size":23.033292770385743,"orthographic":true}