{"cameraMode":{"drawMode":0,"name":"Shaded","section":"Shading Mode"},"sceneLighting":true,"audioPlay":false,"sceneViewState":{"m_AlwaysRefresh":false,"showFog":true,"showSkybox":true,"showFlares":true,"showImageEffects":true,"showParticleSystems":true,"showVisualEffectGraphs":true,"m_FxEnabled":true},"in2DMode":false,"pivot":{"x":-0.028726577758789064,"y":2.617251396179199,"z":-1.8900737762451172},"rotation":{"x":-0.1018126979470253,"y":0.8899564146995544,"z":-0.24372698366641999,"w":-0.37176427245140078},"size":11.925186157226563,"orthographic":false}